felix,smith,felith,22,33245674,idxd,sincontra
alice,whitewoods,alis,32,989202,idxd,concontra
michael,pepper,pepir,19,48290342,idxd,nochost
Manuel,Loaiza,manu,25,7772839,idxd,test32
Juan,Stones,apollo,21,23465234,idxd,prueba727
Bruno Raul,Fernandez Gutierrez,brn,44,32479287,idxd,contras
bruno raul,fernandez gutierrez,brns,32,3243532,usr-gkqRGmBI1,test65
juan carlos,smith stone,jc,32,34252253,usr-gkqRGmBI1,cpp
lets go,its timer,letsgo,33,4582592,usr-e7AP2dTU8,itsnot
segunda prueba,this good,mairai,55,2037392,usr-utObB6q88,holding
primero yes,segundo no,yessir,32,4578203,usr-6N9qik7RM,nosir
Bruno Raul,Fernandez Gutierrez,BRN,23,33425141,letsgo,usr-A1LgqCD22
yes,no,noshot,34,423452,55lsfj,usr-6D4HQQXHh
test1,test23,titsu,43,4325522,noway,usr-DWw5RU3qD
stuff,yes,noh,34,4245234,yeh,usr-Wrri1J1sa
xqc,pog,x,24,32552342,noway,usr-9W1xYqiE8
name,surname,age,phone,user,contra,id
nombres,apellidos,,0,,,usr-QcasRJ3Kc
yes,no,,0,,,usr-NarmxNcV5
namese,suemand,pogchamp,43,3243213,noshote,usr-4cWGMFQxw
pruebaextrema,testy,34,777222444,pruex,noplex,usr-wtMawUbMN
poge,nowaty,34,32345352,proex,vb,usr-hOQTgvRDU
test,neus,32,2343242,32,carambas,usr-rZNfIC2PS
handel,maessi,32,324242,nottaken,added,usr-nr5JyoEnZ